"word","stemmed_word","corrected_word","dominant_topic","topic_label","topic_probability","rank_in_topic"
"atmosphere","atmospher","atmosphere",1,"Topic 1",0.0239591516103692,1
"burning","burn","burning",1,"Topic 1",0.0239591516103692,2
"fuels","fuel","fuels",1,"Topic 1",0.0239591516103692,3
"burning","burn","burning",1,"Topic 1",0.0239591516103692,4
"burning","burn","burning",1,"Topic 1",0.0239591516103692,5
"emissions","emiss","emissions",1,"Topic 1",0.0239591516103692,6
"fuels","fuel","fuels",1,"Topic 1",0.0239591516103692,7
"burning","burn","burning",1,"Topic 1",0.0239591516103692,8
"fuels","fuel","fuels",1,"Topic 1",0.0239591516103692,9
"atmosphere","atmospher","atmosphere",1,"Topic 1",0.0239591516103692,10
"fuels","fuel","fuels",1,"Topic 1",0.0239591516103692,11
"emissions","emiss","emissions",1,"Topic 1",0.0239591516103692,12
"atmosphere","atmospher","atmosphere",1,"Topic 1",0.0239591516103692,13
"atmosphere","atmospher","atmosphere",1,"Topic 1",0.0239591516103692,14
"burning","burn","burning",1,"Topic 1",0.0239591516103692,15
"fuels","fuel","fuels",1,"Topic 1",0.0239591516103692,16
"emissions","emiss","emissions",1,"Topic 1",0.0239591516103692,17
"burning","burn","burning",1,"Topic 1",0.0239591516103692,18
"fuels","fuel","fuels",1,"Topic 1",0.0239591516103692,19
"emissions","emiss","emissions",1,"Topic 1",0.0239591516103692,20
"emissions","emiss","emissions",1,"Topic 1",0.0239591516103692,21
"emissions","emiss","emissions",1,"Topic 1",0.0239591516103692,22
"emissions","emiss","emissions",1,"Topic 1",0.0239591516103692,23
"atmosphere","atmospher","atmosphere",1,"Topic 1",0.0239591516103692,24
"atmosphere","atmospher","atmosphere",1,"Topic 1",0.0239591516103692,25
"media","media","media",1,"Topic 1",0.0239591516103692,26
"media","media","media",1,"Topic 1",0.0239591516103692,27
"media","media","media",1,"Topic 1",0.0239591516103692,28
"media","media","media",1,"Topic 1",0.0239591516103692,29
"media","media","media",1,"Topic 1",0.0239591516103692,30
"media","media","media",1,"Topic 1",0.0239591516103692,31
"fossil","fossil","fossil",1,"Topic 1",0.0200314218381775,32
"fossil","fossil","fossil",1,"Topic 1",0.0200314218381775,33
"fossil","fossil","fossil",1,"Topic 1",0.0200314218381775,34
"fossil","fossil","fossil",1,"Topic 1",0.0200314218381775,35
"fossil","fossil","fossil",1,"Topic 1",0.0200314218381775,36
"nations","nation","nations",1,"Topic 1",0.0161036920659859,37
"nations","nation","nations",1,"Topic 1",0.0161036920659859,38
"nations","nation","nations",1,"Topic 1",0.0161036920659859,39
"nations","nation","nations",1,"Topic 1",0.0161036920659859,40
"animals","anim","animals",1,"Topic 1",0.0121759622937942,41
"animals","anim","animals",1,"Topic 1",0.0121759622937942,42
"caused","caus","caused",1,"Topic 1",0.0121759622937942,43
"caused","caus","caused",1,"Topic 1",0.0121759622937942,44
"quality","qualiti","quality",1,"Topic 1",0.0121759622937942,45
"quality","qualiti","quality",1,"Topic 1",0.0121759622937942,46
"dangerous","danger","dangerous",1,"Topic 1",0.0121759622937942,47
"mold","mold","mold",1,"Topic 1",0.0121759622937942,48
"mold","mold","mold",1,"Topic 1",0.0121759622937942,49
"house","hous","house",1,"Topic 1",0.0121759622937942,50
"mold","mold","mold",1,"Topic 1",0.0121759622937942,51
"house","hous","house",1,"Topic 1",0.0121759622937942,52
"house","hous","house",1,"Topic 1",0.0121759622937942,53
"term","term","term",1,"Topic 1",0.0121759622937942,54
"term","term","term",1,"Topic 1",0.0121759622937942,55
"term","term","term",1,"Topic 1",0.0121759622937942,56
"term","term","term",1,"Topic 1",0.0121759622937942,57
"term","term","term",1,"Topic 1",0.0121759622937942,58
"disease","diseas","disease",1,"Topic 1",0.0121759622937942,59
"disease","diseas","disease",1,"Topic 1",0.0121759622937942,60
"term","term","term",1,"Topic 1",0.0121759622937942,61
"disease","diseas","disease",1,"Topic 1",0.0121759622937942,62
"disease","diseas","disease",1,"Topic 1",0.0121759622937942,63
"dangerous","danger","dangerous",1,"Topic 1",0.0121759622937942,64
"dangerous","danger","dangerous",1,"Topic 1",0.0121759622937942,65
"animals","anim","animals",1,"Topic 1",0.0121759622937942,66
"quality","qualiti","quality",1,"Topic 1",0.0121759622937942,67
"animals","anim","animals",1,"Topic 1",0.0121759622937942,68
"disease","diseas","disease",1,"Topic 1",0.0121759622937942,69
"animals","anim","animals",1,"Topic 1",0.0121759622937942,70
"warming","warm","warming",1,"Topic 1",0.0121759622937942,71
"caused","caus","caused",1,"Topic 1",0.0121759622937942,72
"warming","warm","warming",1,"Topic 1",0.0121759622937942,73
"warming","warm","warming",1,"Topic 1",0.0121759622937942,74
"quality","qualiti","quality",1,"Topic 1",0.0121759622937942,75
"quality","qualiti","quality",1,"Topic 1",0.0121759622937942,76
"caused","caus","caused",1,"Topic 1",0.0121759622937942,77
"time","time","time",1,"Topic 1",0.00824823252160251,78
"time","time","time",1,"Topic 1",0.00824823252160251,79
"dust","dust","dust",1,"Topic 1",0.00824823252160251,80
"appears","appear","appears",1,"Topic 1",0.00824823252160251,81
"city","citi","city",1,"Topic 1",0.00824823252160251,82
"city","citi","city",1,"Topic 1",0.00824823252160251,83
"spores","spore","spores",1,"Topic 1",0.00824823252160251,84
"spores","spore","spores",1,"Topic 1",0.00824823252160251,85
"electricity","electr","electricity",1,"Topic 1",0.00824823252160251,86
"short","short","short",1,"Topic 1",0.00824823252160251,87
"short","short","short",1,"Topic 1",0.00824823252160251,88
"organs","organ","organs",1,"Topic 1",0.00824823252160251,89
"fine","fine","fine",1,"Topic 1",0.00824823252160251,90
"dust","dust","dust",1,"Topic 1",0.00824823252160251,91
"dust","dust","dust",1,"Topic 1",0.00824823252160251,92
"fine","fine","fine",1,"Topic 1",0.00824823252160251,93
"dust","dust","dust",1,"Topic 1",0.00824823252160251,94
"fine","fine","fine",1,"Topic 1",0.00824823252160251,95
"organs","organ","organs",1,"Topic 1",0.00824823252160251,96
"acid","acid","acid",1,"Topic 1",0.00824823252160251,97
"acid","acid","acid",1,"Topic 1",0.00824823252160251,98
"electricity","electr","electricity",1,"Topic 1",0.00824823252160251,99
"transportation","transport","transportation",1,"Topic 1",0.00824823252160251,100
"dust","dust","dust",1,"Topic 1",0.00824823252160251,101
"limits","limit","limits",1,"Topic 1",0.00824823252160251,102
"limits","limit","limits",1,"Topic 1",0.00824823252160251,103
"taking","take","taking",1,"Topic 1",0.00824823252160251,104
"transportation","transport","transportation",1,"Topic 1",0.00824823252160251,105
"taking","take","taking",1,"Topic 1",0.00824823252160251,106
"city","citi","city",1,"Topic 1",0.00824823252160251,107
"terms","term","terms",1,"Topic 1",0.00824823252160251,108
"download","download","download",1,"Topic 1",0.00824823252160251,109
"appears","appear","appears",1,"Topic 1",0.00824823252160251,110
"appears","appear","appears",1,"Topic 1",0.00824823252160251,111
"download","download","download",1,"Topic 1",0.00824823252160251,112
"terms","term","terms",1,"Topic 1",0.00824823252160251,113
"download","download","download",1,"Topic 1",0.00824823252160251,114
"consists","consist","consists",1,"Topic 1",0.00432050274941084,115
"consists","consist","consists",1,"Topic 1",0.00432050274941084,116
"droplets","droplet","droplets",1,"Topic 1",0.00432050274941084,117
"enters","enter","enters",1,"Topic 1",0.00432050274941084,118
"mid","mid","mid",1,"Topic 1",0.00432050274941084,119
"vape","vape","vape",1,"Topic 1",0.00432050274941084,120
"occur","occur","occur",1,"Topic 1",0.00432050274941084,121
"spreading","spread","spreading",1,"Topic 1",0.00432050274941084,122
"resources","resourc","resources",1,"Topic 1",0.00432050274941084,123
"world","world","world",1,"Topic 1",0.00432050274941084,124
"levels","level","levels",1,"Topic 1",0.00432050274941084,125
"materials","materi","materials",1,"Topic 1",0.00432050274941084,126
"cool","cool","cool",1,"Topic 1",0.00432050274941084,127
"cigarettecan","cigarettecan","cigarette can",1,"Topic 1",0.00432050274941084,128
"income","incom","income",1,"Topic 1",0.00432050274941084,129
"inaccessible","inaccess","inaccessible",1,"Topic 1",0.00432050274941084,130
"pneumonia","pneumonia","pneumonia",1,"Topic 1",0.00432050274941084,131
"nausea","nausea","nausea",1,"Topic 1",0.00432050274941084,132
"odors","odor","odors",1,"Topic 1",0.00432050274941084,133
"unpleasant","unpleas","unpleasant",1,"Topic 1",0.00432050274941084,134
"entire","entir","entire",1,"Topic 1",0.00432050274941084,135
"died","die","died",1,"Topic 1",0.00432050274941084,136
"adultswhose","adultswhos","adults whose",1,"Topic 1",0.00432050274941084,137
"sensitive","sensit","sensitive",1,"Topic 1",0.00432050274941084,138
"factors","factor","factors",1,"Topic 1",0.00432050274941084,139
"droplets","droplet","droplets",1,"Topic 1",0.00432050274941084,140
"storms","storm","storms",1,"Topic 1",0.00432050274941084,141
"size","size","size",1,"Topic 1",0.00432050274941084,142
"roughly","rough","roughly",1,"Topic 1",0.00432050274941084,143
"nanometers","nanomet","manometers",1,"Topic 1",0.00432050274941084,144
"lungs","lung","lungs",1,"Topic 1",0.00432050274941084,145
"affect","affect","affect",1,"Topic 1",0.00432050274941084,146
"factors","factor","factors",1,"Topic 1",0.00432050274941084,147
"entire","entir","entire",1,"Topic 1",0.00432050274941084,148
"motor","motor","motor",1,"Topic 1",0.00432050274941084,149
"harms","harm","harms",1,"Topic 1",0.00432050274941084,150
"directly","direct","directly",1,"Topic 1",0.00432050274941084,151
"yield","yield","yield",1,"Topic 1",0.00432050274941084,152
"trees","tree","trees",1,"Topic 1",0.00432050274941084,153
"directly","direct","directly",1,"Topic 1",0.00432050274941084,154
"break","break","break",1,"Topic 1",0.00432050274941084,155
"materials","materi","materials",1,"Topic 1",0.00432050274941084,156
"reproductive","reproduct","reproductive",1,"Topic 1",0.00432050274941084,157
"warminga","warminga","warming",1,"Topic 1",0.00432050274941084,158
"phenomenon","phenomenon","phenomenon",1,"Topic 1",0.00432050274941084,159
"pollutionrefers","pollutionref","pollution refers",1,"Topic 1",0.00432050274941084,160
"temperatures","temperatur","temperatures",1,"Topic 1",0.00432050274941084,161
"world","world","world",1,"Topic 1",0.00432050274941084,162
"biggest","biggest","biggest",1,"Topic 1",0.00432050274941084,163
"emitted","emit","emitted",1,"Topic 1",0.00432050274941084,164
"fluorinated","fluorin","fluoridated",1,"Topic 1",0.00432050274941084,165
"mines","mine","mines",1,"Topic 1",0.00432050274941084,166
"cars","car","cars",1,"Topic 1",0.00432050274941084,167
"fluorinated","fluorin","fluoridated",1,"Topic 1",0.00432050274941084,168
"emitted","emit","emitted",1,"Topic 1",0.00432050274941084,169
"fluorinated","fluorin","fluoridated",1,"Topic 1",0.00432050274941084,170
"chlorofluorocarbons","chlorofluorocarbon","chlorofluorocarbons",1,"Topic 1",0.00432050274941084,171
"outlawed","outlaw","outlawed",1,"Topic 1",0.00432050274941084,172
"ozone","ozon","ozone",1,"Topic 1",0.00432050274941084,173
"layer","layer","layer",1,"Topic 1",0.00432050274941084,174
"drier","drier","drier",1,"Topic 1",0.00432050274941084,175
"frequent","frequent","frequent",1,"Topic 1",0.00432050274941084,176
"occurrences","occurr","occurrences",1,"Topic 1",0.00432050274941084,177
"combat","combat","combat",1,"Topic 1",0.00432050274941084,178
"paris","pari","pairs",1,"Topic 1",0.00432050274941084,179
"agreement","agreement","agreement",1,"Topic 1",0.00432050274941084,180
"committed","commit","committed",1,"Topic 1",0.00432050274941084,181
"world","world","world",1,"Topic 1",0.00432050274941084,182
"ozone","ozon","ozone",1,"Topic 1",0.00432050274941084,183
"align","align","align",1,"Topic 1",0.00432050274941084,184
"closely","close","closely",1,"Topic 1",0.00432050274941084,185
"whos","whos","show",1,"Topic 1",0.00432050274941084,186
"company","compani","company",1,"Topic 1",0.00432050274941084,187
"experimenting","experi","experimenting",1,"Topic 1",0.00432050274941084,188
"gujarat","gujarat","Gujarat",1,"Topic 1",0.00432050274941084,189
"control","control","control",1,"Topic 1",0.00432050274941084,190
"permits","permit","permits",1,"Topic 1",0.00432050274941084,191
"heaviest","heaviest","heaviest",1,"Topic 1",0.00432050274941084,192
"public","public","public",1,"Topic 1",0.00432050274941084,193
"nuclear","nuclear","nuclear",1,"Topic 1",0.00432050274941084,194
"currents","current","currents",1,"Topic 1",0.00432050274941084,195
"radiation","radiat","radiation",1,"Topic 1",0.00432050274941084,196
"entitles","entitl","entitles",1,"Topic 1",0.00432050274941084,197
"cold","cold","cold",1,"Topic 1",0.00432050274941084,198
"december","decemb","December",1,"Topic 1",0.00432050274941084,199
"led","led","led",1,"Topic 1",0.00432050274941084,200
"presentation","present","presentation",1,"Topic 1",0.00432050274941084,201
"teacher","teacher","teacher",1,"Topic 1",0.00432050274941084,202
"preferred","prefer","preferred",1,"Topic 1",0.00432050274941084,203
"title","titl","title",1,"Topic 1",0.00432050274941084,204
"corner","corner","corner",1,"Topic 1",0.00432050274941084,205
"text","text","text",1,"Topic 1",0.00432050274941084,206
"printable","printabl","printable",1,"Topic 1",0.00432050274941084,207
"headquarters","headquart","headquarters",1,"Topic 1",0.00432050274941084,208
"","","",NA,"",NA,NA
"smoke","smoke","smoke",2,"Topic 2",0.0448303715670436,1
"smoke","smoke","smoke",2,"Topic 2",0.0448303715670436,2
"smoke","smoke","smoke",2,"Topic 2",0.0448303715670436,3
"smoke","smoke","smoke",2,"Topic 2",0.0448303715670436,4
"smoke","smoke","smoke",2,"Topic 2",0.0448303715670436,5
"smoke","smoke","smoke",2,"Topic 2",0.0448303715670436,6
"smoke","smoke","smoke",2,"Topic 2",0.0448303715670436,7
"smoke","smoke","smoke",2,"Topic 2",0.0448303715670436,8
"smoke","smoke","smoke",2,"Topic 2",0.0448303715670436,9
"smoke","smoke","smoke",2,"Topic 2",0.0448303715670436,10
"smoke","smoke","smoke",2,"Topic 2",0.0448303715670436,11
"sources","sourc","sources",2,"Topic 2",0.0367528271405493,12
"sources","sourc","sources",2,"Topic 2",0.0367528271405493,13
"sources","sourc","sources",2,"Topic 2",0.0367528271405493,14
"sources","sourc","sources",2,"Topic 2",0.0367528271405493,15
"sources","sourc","sources",2,"Topic 2",0.0367528271405493,16
"sources","sourc","sources",2,"Topic 2",0.0367528271405493,17
"sources","sourc","sources",2,"Topic 2",0.0367528271405493,18
"sources","sourc","sources",2,"Topic 2",0.0367528271405493,19
"sources","sourc","sources",2,"Topic 2",0.0367528271405493,20
"particles","particl","particles",2,"Topic 2",0.0286752827140549,21
"particles","particl","particles",2,"Topic 2",0.0286752827140549,22
"particles","particl","particles",2,"Topic 2",0.0286752827140549,23
"particles","particl","particles",2,"Topic 2",0.0286752827140549,24
"particles","particl","particles",2,"Topic 2",0.0286752827140549,25
"particles","particl","particles",2,"Topic 2",0.0286752827140549,26
"particles","particl","particles",2,"Topic 2",0.0286752827140549,27
"plants","plant","plants",2,"Topic 2",0.0246365105008077,28
"plants","plant","plants",2,"Topic 2",0.0246365105008077,29
"plants","plant","plants",2,"Topic 2",0.0246365105008077,30
"reduce","reduc","reduce",2,"Topic 2",0.0246365105008077,31
"plants","plant","plants",2,"Topic 2",0.0246365105008077,32
"plants","plant","plants",2,"Topic 2",0.0246365105008077,33
"plants","plant","plants",2,"Topic 2",0.0246365105008077,34
"reduce","reduc","reduce",2,"Topic 2",0.0246365105008077,35
"plants","plant","plants",2,"Topic 2",0.0246365105008077,36
"reduce","reduc","reduce",2,"Topic 2",0.0246365105008077,37
"reduce","reduc","reduce",2,"Topic 2",0.0246365105008077,38
"reduce","reduc","reduce",2,"Topic 2",0.0246365105008077,39
"reduce","reduc","reduce",2,"Topic 2",0.0246365105008077,40
"reduce","reduc","reduce",2,"Topic 2",0.0246365105008077,41
"greenhouse","greenhous","greenhouse",2,"Topic 2",0.0205977382875606,42
"greenhouse","greenhous","greenhouse",2,"Topic 2",0.0205977382875606,43
"greenhouse","greenhous","greenhouse",2,"Topic 2",0.0205977382875606,44
"greenhouse","greenhous","greenhouse",2,"Topic 2",0.0205977382875606,45
"greenhouse","greenhous","greenhouse",2,"Topic 2",0.0205977382875606,46
"greenhouse","greenhous","greenhouse",2,"Topic 2",0.0205977382875606,47
"greenhouse","greenhous","greenhouse",2,"Topic 2",0.0205977382875606,48
"greenhouse","greenhous","greenhouse",2,"Topic 2",0.0205977382875606,49
"greenhouse","greenhous","greenhouse",2,"Topic 2",0.0205977382875606,50
"heat","heat","heat",2,"Topic 2",0.0165589660743134,51
"heat","heat","heat",2,"Topic 2",0.0165589660743134,52
"heat","heat","heat",2,"Topic 2",0.0165589660743134,53
"heat","heat","heat",2,"Topic 2",0.0165589660743134,54
"emit","emit","emit",2,"Topic 2",0.0165589660743134,55
"trade","trade","trade",2,"Topic 2",0.0165589660743134,56
"emit","emit","emit",2,"Topic 2",0.0165589660743134,57
"trade","trade","trade",2,"Topic 2",0.0165589660743134,58
"trade","trade","trade",2,"Topic 2",0.0165589660743134,59
"trade","trade","trade",2,"Topic 2",0.0165589660743134,60
"emit","emit","emit",2,"Topic 2",0.0165589660743134,61
"emit","emit","emit",2,"Topic 2",0.0165589660743134,62
"power","power","power",2,"Topic 2",0.0125201938610662,63
"power","power","power",2,"Topic 2",0.0125201938610662,64
"source","sourc","source",2,"Topic 2",0.0125201938610662,65
"lead","lead","lead",2,"Topic 2",0.0125201938610662,66
"source","sourc","source",2,"Topic 2",0.0125201938610662,67
"lung","lung","lung",2,"Topic 2",0.0125201938610662,68
"lead","lead","lead",2,"Topic 2",0.0125201938610662,69
"lung","lung","lung",2,"Topic 2",0.0125201938610662,70
"lung","lung","lung",2,"Topic 2",0.0125201938610662,71
"lead","lead","lead",2,"Topic 2",0.0125201938610662,72
"oxide","oxid","oxide",2,"Topic 2",0.0125201938610662,73
"power","power","power",2,"Topic 2",0.0125201938610662,74
"power","power","power",2,"Topic 2",0.0125201938610662,75
"source","sourc","source",2,"Topic 2",0.0125201938610662,76
"oxide","oxid","oxide",2,"Topic 2",0.0125201938610662,77
"oxide","oxid","oxide",2,"Topic 2",0.0125201938610662,78
"common","common","common",2,"Topic 2",0.00848142164781907,79
"fewer","fewer","fewer",2,"Topic 2",0.00848142164781907,80
"california","california","California",2,"Topic 2",0.00848142164781907,81
"spread","spread","spread",2,"Topic 2",0.00848142164781907,82
"spread","spread","spread",2,"Topic 2",0.00848142164781907,83
"ultrafine","ultrafin","ultra fine",2,"Topic 2",0.00848142164781907,84
"ultrafine","ultrafin","ultra fine",2,"Topic 2",0.00848142164781907,85
"measures","measur","measures",2,"Topic 2",0.00848142164781907,86
"ultrafine","ultrafin","ultra fine",2,"Topic 2",0.00848142164781907,87
"energy","energi","energy",2,"Topic 2",0.00848142164781907,88
"effect","effect","effect",2,"Topic 2",0.00848142164781907,89
"cost","cost","cost",2,"Topic 2",0.00848142164781907,90
"energy","energi","energy",2,"Topic 2",0.00848142164781907,91
"nitrous","nitrous","nitro us",2,"Topic 2",0.00848142164781907,92
"nitrous","nitrous","nitro us",2,"Topic 2",0.00848142164781907,93
"common","common","common",2,"Topic 2",0.00848142164781907,94
"guidelines","guidelin","guidelines",2,"Topic 2",0.00848142164781907,95
"guidelines","guidelin","guidelines",2,"Topic 2",0.00848142164781907,96
"california","california","California",2,"Topic 2",0.00848142164781907,97
"effect","effect","effect",2,"Topic 2",0.00848142164781907,98
"cost","cost","cost",2,"Topic 2",0.00848142164781907,99
"measures","measur","measures",2,"Topic 2",0.00848142164781907,100
"fewer","fewer","fewer",2,"Topic 2",0.00848142164781907,101
"credited","credit","credited",2,"Topic 2",0.00848142164781907,102
"credited","credit","credited",2,"Topic 2",0.00848142164781907,103
"button","button","button",2,"Topic 2",0.00848142164781907,104
"button","button","button",2,"Topic 2",0.00848142164781907,105
"biology","biolog","biology",2,"Topic 2",0.00444264943457189,106
"america","america","America",2,"Topic 2",0.00444264943457189,107
"substances","substanc","substances",2,"Topic 2",0.00444264943457189,108
"volcanoes","volcano","volcanoes",2,"Topic 2",0.00444264943457189,109
"naturally","natur","naturally",2,"Topic 2",0.00444264943457189,110
"concentrated","concentr","concentrated",2,"Topic 2",0.00444264943457189,111
"cloud","cloud","cloud",2,"Topic 2",0.00444264943457189,112
"words","word","words",2,"Topic 2",0.00444264943457189,113
"report","report","report",2,"Topic 2",0.00444264943457189,114
"worst","worst","worst",2,"Topic 2",0.00444264943457189,115
"los","los","loci",2,"Topic 2",0.00444264943457189,116
"angeles","angel","Angeles",2,"Topic 2",0.00444264943457189,117
"smoggiest","smoggiest","smoggiest",2,"Topic 2",0.00444264943457189,118
"exhaust","exhaust","exhaust",2,"Topic 2",0.00444264943457189,119
"concern","concern","concern",2,"Topic 2",0.00444264943457189,120
"naturally","natur","naturally",2,"Topic 2",0.00444264943457189,121
"single","singl","single",2,"Topic 2",0.00444264943457189,122
"damp","damp","damp",2,"Topic 2",0.00444264943457189,123
"smoking","smoke","smoking",2,"Topic 2",0.00444264943457189,124
"secondhand","secondhand","secondhand",2,"Topic 2",0.00444264943457189,125
"substances","substanc","substances",2,"Topic 2",0.00444264943457189,126
"harmful","harm","harmful",2,"Topic 2",0.00444264943457189,127
"fuel","fuel","fuel",2,"Topic 2",0.00444264943457189,128
"discomfort","discomfort","discomfort",2,"Topic 2",0.00444264943457189,129
"death","death","death",2,"Topic 2",0.00444264943457189,130
"report","report","report",2,"Topic 2",0.00444264943457189,131
"weakerare","weakerar","weaker are",2,"Topic 2",0.00444264943457189,132
"wildfire","wildfir","wildfire",2,"Topic 2",0.00444264943457189,133
"breathe","breath","breathe",2,"Topic 2",0.00444264943457189,134
"illness","ill","illness",2,"Topic 2",0.00444264943457189,135
"death","death","death",2,"Topic 2",0.00444264943457189,136
"burn","burn","burn",2,"Topic 2",0.00444264943457189,137
"stone","stone","stone",2,"Topic 2",0.00444264943457189,138
"obscures","obscur","obscures",2,"Topic 2",0.00444264943457189,139
"rising","rise","rising",2,"Topic 2",0.00444264943457189,140
"increase","increas","increase",2,"Topic 2",0.00444264943457189,141
"planet","planet","planet",2,"Topic 2",0.00444264943457189,142
"run","run","run",2,"Topic 2",0.00444264943457189,143
"carbon","carbon","carbon",2,"Topic 2",0.00444264943457189,144
"processes","process","processes",2,"Topic 2",0.00444264943457189,145
"agriculture","agricultur","agriculture",2,"Topic 2",0.00444264943457189,146
"experiencing","experienc","experiencing",2,"Topic 2",0.00444264943457189,147
"resulted","result","resulted",2,"Topic 2",0.00444264943457189,148
"reducing","reduc","reducing",2,"Topic 2",0.00444264943457189,149
"set","set","set",2,"Topic 2",0.00444264943457189,150
"stricter","stricter","stricter",2,"Topic 2",0.00444264943457189,151
"sell","sell","sell",2,"Topic 2",0.00444264943457189,152
"pays","pay","pays",2,"Topic 2",0.00444264943457189,153
"polluters","pollut","polluters",2,"Topic 2",0.00444264943457189,154
"simple","simpl","simple",2,"Topic 2",0.00444264943457189,155
"lives","live","lives",2,"Topic 2",0.00444264943457189,156
"bike","bike","bike",2,"Topic 2",0.00444264943457189,157
"powered","power","powered",2,"Topic 2",0.00444264943457189,158
"lights","light","lights",2,"Topic 2",0.00444264943457189,159
"meat","meat","meat",2,"Topic 2",0.00444264943457189,160
"conducted","conduct","conducted",2,"Topic 2",0.00444264943457189,161
"tests","test","tests",2,"Topic 2",0.00444264943457189,162
"test","test","test",2,"Topic 2",0.00444264943457189,163
"tests","test","tests",2,"Topic 2",0.00444264943457189,164
"invisible","invis","invisible",2,"Topic 2",0.00444264943457189,165
"utah","utah","Utah",2,"Topic 2",0.00444264943457189,166
"washington","washington","Washington",2,"Topic 2",0.00444264943457189,167
"test","test","test",2,"Topic 2",0.00444264943457189,168
"living","live","living",2,"Topic 2",0.00444264943457189,169
"normal","normal","normal",2,"Topic 2",0.00444264943457189,170
"smogwhat","smogwhat","smog what",2,"Topic 2",0.00444264943457189,171
"deaths","death","deaths",2,"Topic 2",0.00444264943457189,172
"weather","weather","weather",2,"Topic 2",0.00444264943457189,173
"burn","burn","burn",2,"Topic 2",0.00444264943457189,174
"meters","meter","meters",2,"Topic 2",0.00444264943457189,175
"promotional","promot","promotional",2,"Topic 2",0.00444264943457189,176
"rights","right","rights",2,"Topic 2",0.00444264943457189,177
"holder","holder","holder",2,"Topic 2",0.00444264943457189,178
"user","user","user",2,"Topic 2",0.00444264943457189,179
"website","websit","website",2,"Topic 2",0.00444264943457189,180
"classroom","classroom","classroom",2,"Topic 2",0.00444264943457189,181
"reach","reach","reach",2,"Topic 2",0.00444264943457189,182
"url","url","URL",2,"Topic 2",0.00444264943457189,183
"resource","resourc","resource",2,"Topic 2",0.00444264943457189,184
"viewer","viewer","viewer",2,"Topic 2",0.00444264943457189,185
"played","play","played",2,"Topic 2",0.00444264943457189,186
"website","websit","website",2,"Topic 2",0.00444264943457189,187
"street","street","street",2,"Topic 2",0.00444264943457189,188
"washington","washington","Washington",2,"Topic 2",0.00444264943457189,189
"rights","right","rights",2,"Topic 2",0.00444264943457189,190
"","","",NA,"",NA,NA
"particulate","particul","particulate",3,"Topic 3",0.0300084530853762,1
"particulate","particul","particulate",3,"Topic 3",0.0300084530853762,2
"particulate","particul","particulate",3,"Topic 3",0.0300084530853762,3
"particulate","particul","particulate",3,"Topic 3",0.0300084530853762,4
"particulate","particul","particulate",3,"Topic 3",0.0300084530853762,5
"particulate","particul","particulate",3,"Topic 3",0.0300084530853762,6
"particulate","particul","particulate",3,"Topic 3",0.0300084530853762,7
"particulate","particul","particulate",3,"Topic 3",0.0300084530853762,8
"particulate","particul","particulate",3,"Topic 3",0.0300084530853762,9
"particulate","particul","particulate",3,"Topic 3",0.0300084530853762,10
"particulate","particul","particulate",3,"Topic 3",0.0300084530853762,11
"gasses","gass","gasses",3,"Topic 3",0.025781910397295,12
"gasses","gass","gasses",3,"Topic 3",0.025781910397295,13
"gasses","gass","gasses",3,"Topic 3",0.025781910397295,14
"gasses","gass","gasses",3,"Topic 3",0.025781910397295,15
"gasses","gass","gasses",3,"Topic 3",0.025781910397295,16
"gasses","gass","gasses",3,"Topic 3",0.025781910397295,17
"gasses","gass","gasses",3,"Topic 3",0.025781910397295,18
"gasses","gass","gasses",3,"Topic 3",0.025781910397295,19
"major","major","major",3,"Topic 3",0.0215553677092139,20
"smog","smog","smog",3,"Topic 3",0.0215553677092139,21
"smog","smog","smog",3,"Topic 3",0.0215553677092139,22
"major","major","major",3,"Topic 3",0.0215553677092139,23
"smog","smog","smog",3,"Topic 3",0.0215553677092139,24
"major","major","major",3,"Topic 3",0.0215553677092139,25
"major","major","major",3,"Topic 3",0.0215553677092139,26
"major","major","major",3,"Topic 3",0.0215553677092139,27
"smog","smog","smog",3,"Topic 3",0.0215553677092139,28
"smog","smog","smog",3,"Topic 3",0.0215553677092139,29
"companies","compani","companies",3,"Topic 3",0.0173288250211327,30
"companies","compani","companies",3,"Topic 3",0.0173288250211327,31
"companies","compani","companies",3,"Topic 3",0.0173288250211327,32
"companies","compani","companies",3,"Topic 3",0.0173288250211327,33
"coal","coal","coal",3,"Topic 3",0.0131022823330516,34
"industrial","industri","industrial",3,"Topic 3",0.0131022823330516,35
"coal","coal","coal",3,"Topic 3",0.0131022823330516,36
"countries","countri","countries",3,"Topic 3",0.0131022823330516,37
"coal","coal","coal",3,"Topic 3",0.0131022823330516,38
"countries","countri","countries",3,"Topic 3",0.0131022823330516,39
"systems","system","systems",3,"Topic 3",0.0131022823330516,40
"systems","system","systems",3,"Topic 3",0.0131022823330516,41
"dioxide","dioxid","dioxide",3,"Topic 3",0.0131022823330516,42
"dioxide","dioxid","dioxide",3,"Topic 3",0.0131022823330516,43
"systems","system","systems",3,"Topic 3",0.0131022823330516,44
"dioxide","dioxid","dioxide",3,"Topic 3",0.0131022823330516,45
"coal","coal","coal",3,"Topic 3",0.0131022823330516,46
"industrial","industri","industrial",3,"Topic 3",0.0131022823330516,47
"countries","countri","countries",3,"Topic 3",0.0131022823330516,48
"dioxide","dioxid","dioxide",3,"Topic 3",0.0131022823330516,49
"dioxide","dioxid","dioxide",3,"Topic 3",0.0131022823330516,50
"countries","countri","countries",3,"Topic 3",0.0131022823330516,51
"industrial","industri","industrial",3,"Topic 3",0.0131022823330516,52
"nevada","nevada","Nevada",3,"Topic 3",0.0131022823330516,53
"nevada","nevada","Nevada",3,"Topic 3",0.0131022823330516,54
"nevada","nevada","Nevada",3,"Topic 3",0.0131022823330516,55
"coal","coal","coal",3,"Topic 3",0.0131022823330516,56
"geographic","geograph","geographic",3,"Topic 3",0.0131022823330516,57
"geographic","geograph","geographic",3,"Topic 3",0.0131022823330516,58
"geographic","geograph","geographic",3,"Topic 3",0.0131022823330516,59
"factories","factori","factories",3,"Topic 3",0.00887573964497042,60
"contaminate","contamin","contaminate",3,"Topic 3",0.00887573964497042,61
"wildfires","wildfir","wildfires",3,"Topic 3",0.00887573964497042,62
"windblown","windblown","windblown",3,"Topic 3",0.00887573964497042,63
"fog","fog","fog",3,"Topic 3",0.00887573964497042,64
"economically","econom","economically",3,"Topic 3",0.00887573964497042,65
"economically","econom","economically",3,"Topic 3",0.00887573964497042,66
"access","access","access",3,"Topic 3",0.00887573964497042,67
"worlds","world","worlds",3,"Topic 3",0.00887573964497042,68
"top","top","top",3,"Topic 3",0.00887573964497042,69
"polluted","pollut","polluted",3,"Topic 3",0.00887573964497042,70
"economically","econom","economically",3,"Topic 3",0.00887573964497042,71
"top","top","top",3,"Topic 3",0.00887573964497042,72
"european","european","European",3,"Topic 3",0.00887573964497042,73
"factories","factori","factories",3,"Topic 3",0.00887573964497042,74
"radon","radon","radon",3,"Topic 3",0.00887573964497042,75
"surface","surfac","surface",3,"Topic 3",0.00887573964497042,76
"radon","radon","radon",3,"Topic 3",0.00887573964497042,77
"residents","resid","residents",3,"Topic 3",0.00887573964497042,78
"access","access","access",3,"Topic 3",0.00887573964497042,79
"factories","factori","factories",3,"Topic 3",0.00887573964497042,80
"diesel","diesel","diesel",3,"Topic 3",0.00887573964497042,81
"windblown","windblown","windblown",3,"Topic 3",0.00887573964497042,82
"contaminate","contamin","contaminate",3,"Topic 3",0.00887573964497042,83
"surface","surfac","surface",3,"Topic 3",0.00887573964497042,84
"factories","factori","factories",3,"Topic 3",0.00887573964497042,85
"methane","methan","methane",3,"Topic 3",0.00887573964497042,86
"methane","methan","methane",3,"Topic 3",0.00887573964497042,87
"factories","factori","factories",3,"Topic 3",0.00887573964497042,88
"wildfires","wildfir","wildfires",3,"Topic 3",0.00887573964497042,89
"worlds","world","worlds",3,"Topic 3",0.00887573964497042,90
"top","top","top",3,"Topic 3",0.00887573964497042,91
"european","european","European",3,"Topic 3",0.00887573964497042,92
"pay","pay","pay",3,"Topic 3",0.00887573964497042,93
"pay","pay","pay",3,"Topic 3",0.00887573964497042,94
"diesel","diesel","diesel",3,"Topic 3",0.00887573964497042,95
"downwinders","downwind","down winders",3,"Topic 3",0.00887573964497042,96
"downwinders","downwind","down winders",3,"Topic 3",0.00887573964497042,97
"residents","resid","residents",3,"Topic 3",0.00887573964497042,98
"thick","thick","thick",3,"Topic 3",0.00887573964497042,99
"fog","fog","fog",3,"Topic 3",0.00887573964497042,100
"polluted","pollut","polluted",3,"Topic 3",0.00887573964497042,101
"fog","fog","fog",3,"Topic 3",0.00887573964497042,102
"thick","thick","thick",3,"Topic 3",0.00887573964497042,103
"interactives","interact","interactive",3,"Topic 3",0.00887573964497042,104
"interactives","interact","interactive",3,"Topic 3",0.00887573964497042,105
"society","societi","society",3,"Topic 3",0.00887573964497042,106
"society","societi","society",3,"Topic 3",0.00887573964497042,107
"geography","geographi","geography",3,"Topic 3",0.00464919695688926,108
"created","creat","created",3,"Topic 3",0.00464919695688926,109
"revolution","revolut","revolution",3,"Topic 3",0.00464919695688926,110
"engines","engin","engines",3,"Topic 3",0.00464919695688926,111
"fuelsin","fuelsin","fuel sin",3,"Topic 3",0.00464919695688926,112
"cigarette","cigarett","cigarette",3,"Topic 3",0.00464919695688926,113
"cigarette","cigarett","cigarette",3,"Topic 3",0.00464919695688926,114
"ash","ash","ash",3,"Topic 3",0.00464919695688926,115
"sand","sand","sand",3,"Topic 3",0.00464919695688926,116
"prevent","prevent","prevent",3,"Topic 3",0.00464919695688926,117
"word","word","word",3,"Topic 3",0.00464919695688926,118
"tend","tend","tend",3,"Topic 3",0.00464919695688926,119
"regulations","regul","regulations",3,"Topic 3",0.00464919695688926,120
"lower","lower","lower",3,"Topic 3",0.00464919695688926,121
"lack","lack","lack",3,"Topic 3",0.00464919695688926,122
"indoor","indoor","indoor",3,"Topic 3",0.00464919695688926,123
"released","releas","released",3,"Topic 3",0.00464919695688926,124
"build","build","build",3,"Topic 3",0.00464919695688926,125
"tools","tool","tools",3,"Topic 3",0.00464919695688926,126
"owners","owner","owners",3,"Topic 3",0.00464919695688926,127
"construction","construct","construction",3,"Topic 3",0.00464919695688926,128
"ventilation","ventil","ventilation",3,"Topic 3",0.00464919695688926,129
"indoor","indoor","indoor",3,"Topic 3",0.00464919695688926,130
"risk","risk","risk",3,"Topic 3",0.00464919695688926,131
"heating","heat","heating",3,"Topic 3",0.00464919695688926,132
"women","women","women",3,"Topic 3",0.00464919695688926,133
"middle","middl","middle",3,"Topic 3",0.00464919695688926,134
"experience","experi","experience",3,"Topic 3",0.00464919695688926,135
"wide","wide","wide",3,"Topic 3",0.00464919695688926,136
"illnesses","ill","illnesses",3,"Topic 3",0.00464919695688926,137
"nose","nose","nose",3,"Topic 3",0.00464919695688926,138
"throat","throat","throat",3,"Topic 3",0.00464919695688926,139
"bad","bad","bad",3,"Topic 3",0.00464919695688926,140
"nerves","nerv","nerves",3,"Topic 3",0.00464919695688926,141
"brain","brain","brain",3,"Topic 3",0.00464919695688926,142
"scientists","scientist","scientists",3,"Topic 3",0.00464919695688926,143
"suspect","suspect","suspect",3,"Topic 3",0.00464919695688926,144
"risk","risk","risk",3,"Topic 3",0.00464919695688926,145
"defects","defect","defects",3,"Topic 3",0.00464919695688926,146
"estimates","estim","estimates",3,"Topic 3",0.00464919695688926,147
"tend","tend","tend",3,"Topic 3",0.00464919695688926,148
"engines","engin","engines",3,"Topic 3",0.00464919695688926,149
"hair","hair","hair",3,"Topic 3",0.00464919695688926,150
"wide","wide","wide",3,"Topic 3",0.00464919695688926,151
"bloodstream","bloodstream","bloodstream",3,"Topic 3",0.00464919695688926,152
"deciding","decid","deciding",3,"Topic 3",0.00464919695688926,153
"ecosystems","ecosystem","ecosystems",3,"Topic 3",0.00464919695688926,154
"create","creat","create",3,"Topic 3",0.00464919695688926,155
"rain","rain","rain",3,"Topic 3",0.00464919695688926,156
"rain","rain","rain",3,"Topic 3",0.00464919695688926,157
"decay","decay","decay",3,"Topic 3",0.00464919695688926,158
"bodies","bodi","bodies",3,"Topic 3",0.00464919695688926,159
"attributed","attribut","attributed",3,"Topic 3",0.00464919695688926,160
"warm","warm","warm",3,"Topic 3",0.00464919695688926,161
"life","life","life",3,"Topic 3",0.00464919695688926,162
"temperature","temperatur","temperature",3,"Topic 3",0.00464919695688926,163
"polluting","pollut","polluting",3,"Topic 3",0.00464919695688926,164
"construction","construct","construction",3,"Topic 3",0.00464919695688926,165
"sand","sand","sand",3,"Topic 3",0.00464919695688926,166
"china","china","china",3,"Topic 3",0.00464919695688926,167
"laws","law","laws",3,"Topic 3",0.00464919695688926,168
"recommend","recommend","recommend",3,"Topic 3",0.00464919695688926,169
"recommendations","recommend","recommendations",3,"Topic 3",0.00464919695688926,170
"limit","limit","limit",3,"Topic 3",0.00464919695688926,171
"allowed","allow","allowed",3,"Topic 3",0.00464919695688926,172
"allowance","allow","allowance",3,"Topic 3",0.00464919695688926,173
"limit","limit","limit",3,"Topic 3",0.00464919695688926,174
"businesses","busi","businesses",3,"Topic 3",0.00464919695688926,175
"buy","buy","buy",3,"Topic 3",0.00464919695688926,176
"riding","ride","riding",3,"Topic 3",0.00464919695688926,177
"gasoline","gasolin","gasoline",3,"Topic 3",0.00464919695688926,178
"eating","eat","eating",3,"Topic 3",0.00464919695688926,179
"downwindersthe","downwindersth","thundershower",3,"Topic 3",0.00464919695688926,180
"weapons","weapon","weapons",3,"Topic 3",0.00464919695688926,181
"radioactive","radioact","radioactive",3,"Topic 3",0.00464919695688926,182
"falling","fall","falling",3,"Topic 3",0.00464919695688926,183
"miles","mile","miles",3,"Topic 3",0.00464919695688926,184
"rates","rate","rates",3,"Topic 3",0.00464919695688926,185
"government","govern","government",3,"Topic 3",0.00464919695688926,186
"act","act","act",3,"Topic 3",0.00464919695688926,187
"law","law","law",3,"Topic 3",0.00464919695688926,188
"payments","payment","payments",3,"Topic 3",0.00464919695688926,189
"england","england","England",3,"Topic 3",0.00464919695688926,190
"warm","warm","warm",3,"Topic 3",0.00464919695688926,191
"trapped","trap","trapped",3,"Topic 3",0.00464919695688926,192
"illustrations","illustr","illustrations",3,"Topic 3",0.00464919695688926,193
"images","imag","images",3,"Topic 3",0.00464919695688926,194
"link","link","link",3,"Topic 3",0.00464919695688926,195
"credit","credit","credit",3,"Topic 3",0.00464919695688926,196
"permissions","permiss","permissions",3,"Topic 3",0.00464919695688926,197
"project","project","project",3,"Topic 3",0.00464919695688926,198
"format","format","format",3,"Topic 3",0.00464919695688926,199
"save","save","save",3,"Topic 3",0.00464919695688926,200
"nw","nw","NW",3,"Topic 3",0.00464919695688926,201
"dc","dc","dc",3,"Topic 3",0.00464919695688926,202
"","","",NA,"",NA,NA
"air","air","air",4,"Topic 4",0.137569832402235,1
"air","air","air",4,"Topic 4",0.137569832402235,2
"air","air","air",4,"Topic 4",0.137569832402235,3
"air","air","air",4,"Topic 4",0.137569832402235,4
"air","air","air",4,"Topic 4",0.137569832402235,5
"air","air","air",4,"Topic 4",0.137569832402235,6
"air","air","air",4,"Topic 4",0.137569832402235,7
"air","air","air",4,"Topic 4",0.137569832402235,8
"air","air","air",4,"Topic 4",0.137569832402235,9
"air","air","air",4,"Topic 4",0.137569832402235,10
"air","air","air",4,"Topic 4",0.137569832402235,11
"air","air","air",4,"Topic 4",0.137569832402235,12
"air","air","air",4,"Topic 4",0.137569832402235,13
"air","air","air",4,"Topic 4",0.137569832402235,14
"air","air","air",4,"Topic 4",0.137569832402235,15
"air","air","air",4,"Topic 4",0.137569832402235,16
"air","air","air",4,"Topic 4",0.137569832402235,17
"air","air","air",4,"Topic 4",0.137569832402235,18
"air","air","air",4,"Topic 4",0.137569832402235,19
"air","air","air",4,"Topic 4",0.137569832402235,20
"air","air","air",4,"Topic 4",0.137569832402235,21
"air","air","air",4,"Topic 4",0.137569832402235,22
"air","air","air",4,"Topic 4",0.137569832402235,23
"air","air","air",4,"Topic 4",0.137569832402235,24
"air","air","air",4,"Topic 4",0.137569832402235,25
"air","air","air",4,"Topic 4",0.137569832402235,26
"air","air","air",4,"Topic 4",0.137569832402235,27
"air","air","air",4,"Topic 4",0.137569832402235,28
"air","air","air",4,"Topic 4",0.137569832402235,29
"air","air","air",4,"Topic 4",0.137569832402235,30
"air","air","air",4,"Topic 4",0.137569832402235,31
"air","air","air",4,"Topic 4",0.137569832402235,32
"air","air","air",4,"Topic 4",0.137569832402235,33
"air","air","air",4,"Topic 4",0.137569832402235,34
"air","air","air",4,"Topic 4",0.137569832402235,35
"air","air","air",4,"Topic 4",0.137569832402235,36
"air","air","air",4,"Topic 4",0.137569832402235,37
"air","air","air",4,"Topic 4",0.137569832402235,38
"air","air","air",4,"Topic 4",0.137569832402235,39
"air","air","air",4,"Topic 4",0.137569832402235,40
"air","air","air",4,"Topic 4",0.137569832402235,41
"air","air","air",4,"Topic 4",0.137569832402235,42
"air","air","air",4,"Topic 4",0.137569832402235,43
"air","air","air",4,"Topic 4",0.137569832402235,44
"air","air","air",4,"Topic 4",0.137569832402235,45
"air","air","air",4,"Topic 4",0.137569832402235,46
"air","air","air",4,"Topic 4",0.137569832402235,47
"air","air","air",4,"Topic 4",0.137569832402235,48
"air","air","air",4,"Topic 4",0.137569832402235,49
"air","air","air",4,"Topic 4",0.137569832402235,50
"air","air","air",4,"Topic 4",0.137569832402235,51
"air","air","air",4,"Topic 4",0.137569832402235,52
"air","air","air",4,"Topic 4",0.137569832402235,53
"air","air","air",4,"Topic 4",0.137569832402235,54
"air","air","air",4,"Topic 4",0.137569832402235,55
"air","air","air",4,"Topic 4",0.137569832402235,56
"air","air","air",4,"Topic 4",0.137569832402235,57
"air","air","air",4,"Topic 4",0.137569832402235,58
"air","air","air",4,"Topic 4",0.137569832402235,59
"air","air","air",4,"Topic 4",0.137569832402235,60
"air","air","air",4,"Topic 4",0.137569832402235,61
"air","air","air",4,"Topic 4",0.137569832402235,62
"air","air","air",4,"Topic 4",0.137569832402235,63
"air","air","air",4,"Topic 4",0.137569832402235,64
"pollution","pollut","pollution",4,"Topic 4",0.118947858472998,65
"pollution","pollut","pollution",4,"Topic 4",0.118947858472998,66
"pollution","pollut","pollution",4,"Topic 4",0.118947858472998,67
"pollution","pollut","pollution",4,"Topic 4",0.118947858472998,68
"pollution","pollut","pollution",4,"Topic 4",0.118947858472998,69
"pollution","pollut","pollution",4,"Topic 4",0.118947858472998,70
"pollution","pollut","pollution",4,"Topic 4",0.118947858472998,71
"pollution","pollut","pollution",4,"Topic 4",0.118947858472998,72
"pollution","pollut","pollution",4,"Topic 4",0.118947858472998,73
"pollution","pollut","pollution",4,"Topic 4",0.118947858472998,74
"pollution","pollut","pollution",4,"Topic 4",0.118947858472998,75
"pollution","pollut","pollution",4,"Topic 4",0.118947858472998,76
"pollution","pollut","pollution",4,"Topic 4",0.118947858472998,77
"pollution","pollut","pollution",4,"Topic 4",0.118947858472998,78
"pollution","pollut","pollution",4,"Topic 4",0.118947858472998,79
"pollution","pollut","pollution",4,"Topic 4",0.118947858472998,80
"pollution","pollut","pollution",4,"Topic 4",0.118947858472998,81
"pollution","pollut","pollution",4,"Topic 4",0.118947858472998,82
"pollution","pollut","pollution",4,"Topic 4",0.118947858472998,83
"pollution","pollut","pollution",4,"Topic 4",0.118947858472998,84
"pollution","pollut","pollution",4,"Topic 4",0.118947858472998,85
"pollution","pollut","pollution",4,"Topic 4",0.118947858472998,86
"pollution","pollut","pollution",4,"Topic 4",0.118947858472998,87
"pollution","pollut","pollution",4,"Topic 4",0.118947858472998,88
"pollution","pollut","pollution",4,"Topic 4",0.118947858472998,89
"pollution","pollut","pollution",4,"Topic 4",0.118947858472998,90
"pollution","pollut","pollution",4,"Topic 4",0.118947858472998,91
"pollution","pollut","pollution",4,"Topic 4",0.118947858472998,92
"pollution","pollut","pollution",4,"Topic 4",0.118947858472998,93
"pollution","pollut","pollution",4,"Topic 4",0.118947858472998,94
"pollution","pollut","pollution",4,"Topic 4",0.118947858472998,95
"pollution","pollut","pollution",4,"Topic 4",0.118947858472998,96
"pollution","pollut","pollution",4,"Topic 4",0.118947858472998,97
"pollution","pollut","pollution",4,"Topic 4",0.118947858472998,98
"pollution","pollut","pollution",4,"Topic 4",0.118947858472998,99
"pollution","pollut","pollution",4,"Topic 4",0.118947858472998,100
"pollution","pollut","pollution",4,"Topic 4",0.118947858472998,101
"pollution","pollut","pollution",4,"Topic 4",0.118947858472998,102
"pollution","pollut","pollution",4,"Topic 4",0.118947858472998,103
"pollution","pollut","pollution",4,"Topic 4",0.118947858472998,104
"pollution","pollut","pollution",4,"Topic 4",0.118947858472998,105
"pollution","pollut","pollution",4,"Topic 4",0.118947858472998,106
"pollution","pollut","pollution",4,"Topic 4",0.118947858472998,107
"pollution","pollut","pollution",4,"Topic 4",0.118947858472998,108
"pollution","pollut","pollution",4,"Topic 4",0.118947858472998,109
"pollution","pollut","pollution",4,"Topic 4",0.118947858472998,110
"pollution","pollut","pollution",4,"Topic 4",0.118947858472998,111
"pollution","pollut","pollution",4,"Topic 4",0.118947858472998,112
"pollution","pollut","pollution",4,"Topic 4",0.118947858472998,113
"pollution","pollut","pollution",4,"Topic 4",0.118947858472998,114
"pollution","pollut","pollution",4,"Topic 4",0.118947858472998,115
"matter","matter","matter",4,"Topic 4",0.0235102420856611,116
"matter","matter","matter",4,"Topic 4",0.0235102420856611,117
"matter","matter","matter",4,"Topic 4",0.0235102420856611,118
"matter","matter","matter",4,"Topic 4",0.0235102420856611,119
"matter","matter","matter",4,"Topic 4",0.0235102420856611,120
"matter","matter","matter",4,"Topic 4",0.0235102420856611,121
"matter","matter","matter",4,"Topic 4",0.0235102420856611,122
"matter","matter","matter",4,"Topic 4",0.0235102420856611,123
"matter","matter","matter",4,"Topic 4",0.0235102420856611,124
"matter","matter","matter",4,"Topic 4",0.0235102420856611,125
"health","health","health",4,"Topic 4",0.0165270018621974,126
"earth","earth","earth",4,"Topic 4",0.0165270018621974,127
"health","health","health",4,"Topic 4",0.0165270018621974,128
"earth","earth","earth",4,"Topic 4",0.0165270018621974,129
"earth","earth","earth",4,"Topic 4",0.0165270018621974,130
"health","health","health",4,"Topic 4",0.0165270018621974,131
"health","health","health",4,"Topic 4",0.0165270018621974,132
"health","health","health",4,"Topic 4",0.0165270018621974,133
"earth","earth","earth",4,"Topic 4",0.0165270018621974,134
"health","health","health",4,"Topic 4",0.0165270018621974,135
"earth","earth","earth",4,"Topic 4",0.0165270018621974,136
"health","health","health",4,"Topic 4",0.0165270018621974,137
"earth","earth","earth",4,"Topic 4",0.0165270018621974,138
"earth","earth","earth",4,"Topic 4",0.0165270018621974,139
"include","includ","include",4,"Topic 4",0.0141992551210428,140
"include","includ","include",4,"Topic 4",0.0141992551210428,141
"include","includ","include",4,"Topic 4",0.0141992551210428,142
"include","includ","include",4,"Topic 4",0.0141992551210428,143
"include","includ","include",4,"Topic 4",0.0141992551210428,144
"cap","cap","cap",4,"Topic 4",0.0141992551210428,145
"cap","cap","cap",4,"Topic 4",0.0141992551210428,146
"cap","cap","cap",4,"Topic 4",0.0141992551210428,147
"cap","cap","cap",4,"Topic 4",0.0141992551210428,148
"cap","cap","cap",4,"Topic 4",0.0141992551210428,149
"cap","cap","cap",4,"Topic 4",0.0141992551210428,150
"include","includ","include",4,"Topic 4",0.0141992551210428,151
"humans","human","humans",4,"Topic 4",0.0118715083798883,152
"damage","damag","damage",4,"Topic 4",0.0118715083798883,153
"humans","human","humans",4,"Topic 4",0.0118715083798883,154
"damage","damag","damage",4,"Topic 4",0.0118715083798883,155
"cities","citi","cities",4,"Topic 4",0.0118715083798883,156
"cities","citi","cities",4,"Topic 4",0.0118715083798883,157
"cities","citi","cities",4,"Topic 4",0.0118715083798883,158
"cities","citi","cities",4,"Topic 4",0.0118715083798883,159
"cities","citi","cities",4,"Topic 4",0.0118715083798883,160
"humans","human","humans",4,"Topic 4",0.0118715083798883,161
"damage","damag","damage",4,"Topic 4",0.0118715083798883,162
"global","global","global",4,"Topic 4",0.0118715083798883,163
"damage","damag","damage",4,"Topic 4",0.0118715083798883,164
"damage","damag","damage",4,"Topic 4",0.0118715083798883,165
"humans","human","humans",4,"Topic 4",0.0118715083798883,166
"damage","damag","damage",4,"Topic 4",0.0118715083798883,167
"global","global","global",4,"Topic 4",0.0118715083798883,168
"global","global","global",4,"Topic 4",0.0118715083798883,169
"humans","human","humans",4,"Topic 4",0.0118715083798883,170
"humans","human","humans",4,"Topic 4",0.0118715083798883,171
"global","global","global",4,"Topic 4",0.0118715083798883,172
"global","global","global",4,"Topic 4",0.0118715083798883,173
"harm","harm","harm",4,"Topic 4",0.0095437616387337,174
"harm","harm","harm",4,"Topic 4",0.0095437616387337,175
"amount","amount","amount",4,"Topic 4",0.0095437616387337,176
"amount","amount","amount",4,"Topic 4",0.0095437616387337,177
"harm","harm","harm",4,"Topic 4",0.0095437616387337,178
"harm","harm","harm",4,"Topic 4",0.0095437616387337,179
"amount","amount","amount",4,"Topic 4",0.0095437616387337,180
"amount","amount","amount",4,"Topic 4",0.0095437616387337,181
"anthropogenic","anthropogen","anthropocentric",4,"Topic 4",0.00721601489757915,182
"united","unit","united",4,"Topic 4",0.00721601489757915,183
"cancer","cancer","cancer",4,"Topic 4",0.00721601489757915,184
"causing","caus","causing",4,"Topic 4",0.00721601489757915,185
"including","includ","including",4,"Topic 4",0.00721601489757915,186
"causing","caus","causing",4,"Topic 4",0.00721601489757915,187
"cancer","cancer","cancer",4,"Topic 4",0.00721601489757915,188
"suffer","suffer","suffer",4,"Topic 4",0.00721601489757915,189
"cancer","cancer","cancer",4,"Topic 4",0.00721601489757915,190
"type","type","type",4,"Topic 4",0.00721601489757915,191
"travel","travel","travel",4,"Topic 4",0.00721601489757915,192
"micrometers","micromet","micrometers",4,"Topic 4",0.00721601489757915,193
"micrometers","micromet","micrometers",4,"Topic 4",0.00721601489757915,194
"micrometers","micromet","micrometers",4,"Topic 4",0.00721601489757915,195
"travel","travel","travel",4,"Topic 4",0.00721601489757915,196
"type","type","type",4,"Topic 4",0.00721601489757915,197
"suffer","suffer","suffer",4,"Topic 4",0.00721601489757915,198
"sulfur","sulfur","sulfur",4,"Topic 4",0.00721601489757915,199
"sulfur","sulfur","sulfur",4,"Topic 4",0.00721601489757915,200
"suffer","suffer","suffer",4,"Topic 4",0.00721601489757915,201
"type","type","type",4,"Topic 4",0.00721601489757915,202
"anthropogenic","anthropogen","anthropocentric",4,"Topic 4",0.00721601489757915,203
"causing","caus","causing",4,"Topic 4",0.00721601489757915,204
"including","includ","including",4,"Topic 4",0.00721601489757915,205
"anthropogenic","anthropogen","anthropocentric",4,"Topic 4",0.00721601489757915,206
"united","unit","united",4,"Topic 4",0.00721601489757915,207
"sulfur","sulfur","sulfur",4,"Topic 4",0.00721601489757915,208
"travel","travel","travel",4,"Topic 4",0.00721601489757915,209
"united","unit","united",4,"Topic 4",0.00721601489757915,210
"including","includ","including",4,"Topic 4",0.00721601489757915,211
"cancer","cancer","cancer",4,"Topic 4",0.00721601489757915,212
"london","london","London",4,"Topic 4",0.00721601489757915,213
"london","london","London",4,"Topic 4",0.00721601489757915,214
"london","london","London",4,"Topic 4",0.00721601489757915,215
"chemicals","chemic","chemicals",4,"Topic 4",0.00488826815642458,216
"chemicals","chemic","chemicals",4,"Topic 4",0.00488826815642458,217
"rise","rise","rise",4,"Topic 4",0.00488826815642458,218
"airplanes","airplan","airplanes",4,"Topic 4",0.00488826815642458,219
"meaning","mean","meaning",4,"Topic 4",0.00488826815642458,220
"considered","consid","considered",4,"Topic 4",0.00488826815642458,221
"types","type","types",4,"Topic 4",0.00488826815642458,222
"developing","develop","developing",4,"Topic 4",0.00488826815642458,223
"list","list","list",4,"Topic 4",0.00488826815642458,224
"enter","enter","enter",4,"Topic 4",0.00488826815642458,225
"raise","rais","raise",4,"Topic 4",0.00488826815642458,226
"children","children","children",4,"Topic 4",0.00488826815642458,227
"considered","consid","considered",4,"Topic 4",0.00488826815642458,228
"person","person","person",4,"Topic 4",0.00488826815642458,229
"raise","rais","raise",4,"Topic 4",0.00488826815642458,230
"types","type","types",4,"Topic 4",0.00488826815642458,231
"children","children","children",4,"Topic 4",0.00488826815642458,232
"length","length","length",4,"Topic 4",0.00488826815642458,233
"enter","enter","enter",4,"Topic 4",0.00488826815642458,234
"length","length","length",4,"Topic 4",0.00488826815642458,235
"environment","environ","environment",4,"Topic 4",0.00488826815642458,236
"nitrogen","nitrogen","nitrogen",4,"Topic 4",0.00488826815642458,237
"water","water","water",4,"Topic 4",0.00488826815642458,238
"soil","soil","soil",4,"Topic 4",0.00488826815642458,239
"water","water","water",4,"Topic 4",0.00488826815642458,240
"water","water","water",4,"Topic 4",0.00488826815642458,241
"soil","soil","soil",4,"Topic 4",0.00488826815642458,242
"environment","environ","environment",4,"Topic 4",0.00488826815642458,243
"rise","rise","rise",4,"Topic 4",0.00488826815642458,244
"meaning","mean","meaning",4,"Topic 4",0.00488826815642458,245
"list","list","list",4,"Topic 4",0.00488826815642458,246
"nitrogen","nitrogen","nitrogen",4,"Topic 4",0.00488826815642458,247
"reduction","reduct","reduction",4,"Topic 4",0.00488826815642458,248
"reduction","reduct","reduction",4,"Topic 4",0.00488826815642458,249
"airplanes","airplan","airplanes",4,"Topic 4",0.00488826815642458,250
"site","site","site",4,"Topic 4",0.00488826815642458,251
"considered","consid","considered",4,"Topic 4",0.00488826815642458,252
"downwind","downwind","downwind",4,"Topic 4",0.00488826815642458,253
"site","site","site",4,"Topic 4",0.00488826815642458,254
"downwind","downwind","downwind",4,"Topic 4",0.00488826815642458,255
"developing","develop","developing",4,"Topic 4",0.00488826815642458,256
"asset","asset","asset",4,"Topic 4",0.00488826815642458,257
"person","person","person",4,"Topic 4",0.00488826815642458,258
"asset","asset","asset",4,"Topic 4",0.00488826815642458,259
"national","nation","national",4,"Topic 4",0.00488826815642458,260
"national","nation","national",4,"Topic 4",0.00488826815642458,261
"national","nation","national",4,"Topic 4",0.00488826815642458,262
"science","scienc","science",4,"Topic 4",0.00256052141527002,263
"north","north","north",4,"Topic 4",0.00256052141527002,264
"period","period","period",4,"Topic 4",0.00256052141527002,265
"factoriesis","factoriesi","factories is",4,"Topic 4",0.00256052141527002,266
"mountains","mountain","mountains",4,"Topic 4",0.00256052141527002,267
"murky","murki","murky",4,"Topic 4",0.00256052141527002,268
"combining","combin","combining",4,"Topic 4",0.00256052141527002,269
"financial","financi","financial",4,"Topic 4",0.00256052141527002,270
"occurring","occur","occurring",4,"Topic 4",0.00256052141527002,271
"materialis","materiali","materials",4,"Topic 4",0.00256052141527002,272
"methods","method","methods",4,"Topic 4",0.00256052141527002,273
"movement","movement","movement",4,"Topic 4",0.00256052141527002,274
"toxic","toxic","toxic",4,"Topic 4",0.00256052141527002,275
"breathes","breath","breathes",4,"Topic 4",0.00256052141527002,276
"sick","sick","sick",4,"Topic 4",0.00256052141527002,277
"wood","wood","wood",4,"Topic 4",0.00256052141527002,278
"expose","expos","expose",4,"Topic 4",0.00256052141527002,279
"low","low","low",4,"Topic 4",0.00256052141527002,280
"broken","broken","broken",4,"Topic 4",0.00256052141527002,281
"bronchitis","bronchiti","bronchitis",4,"Topic 4",0.00256052141527002,282
"eyes","eye","eyes",4,"Topic 4",0.00256052141527002,283
"dizziness","dizzi","dizziness",4,"Topic 4",0.00256052141527002,284
"garbage","garbag","garbage",4,"Topic 4",0.00256052141527002,285
"lifetime","lifetim","lifetime",4,"Topic 4",0.00256052141527002,286
"respiratory","respiratori","respiratory",4,"Topic 4",0.00256052141527002,287
"emphysema","emphysema","emphysema",4,"Topic 4",0.00256052141527002,288
"kidneys","kidney","kidneys",4,"Topic 4",0.00256052141527002,289
"liver","liver","liver",4,"Topic 4",0.00256052141527002,290
"react","react","react",4,"Topic 4",0.00256052141527002,291
"asthma","asthma","asthma",4,"Topic 4",0.00256052141527002,292
"mix","mix","mix",4,"Topic 4",0.00256052141527002,293
"damages","damag","damages",4,"Topic 4",0.00256052141527002,294
"changing","chang","changing",4,"Topic 4",0.00256052141527002,295
"degrades","degrad","degrades",4,"Topic 4",0.00256052141527002,296
"rivers","river","rivers",4,"Topic 4",0.00256052141527002,297
"lakes","lake","lakes",4,"Topic 4",0.00256052141527002,298
"streams","stream","streams",4,"Topic 4",0.00256052141527002,299
"monuments","monument","monuments",4,"Topic 4",0.00256052141527002,300
"affects","affect","affects",4,"Topic 4",0.00256052141527002,301
"colors","color","colors",4,"Topic 4",0.00256052141527002,302
"ocean","ocean","ocean",4,"Topic 4",0.00256052141527002,303
"trap","trap","trap",4,"Topic 4",0.00256052141527002,304
"survive","surviv","survive",4,"Topic 4",0.00256052141527002,305
"manufacturing","manufactur","manufacturing",4,"Topic 4",0.00256052141527002,306
"agricultural","agricultur","agricultural",4,"Topic 4",0.00256052141527002,307
"hotter","hotter","hotter",4,"Topic 4",0.00256052141527002,308
"dry","dri","dry",4,"Topic 4",0.00256052141527002,309
"sandstorms","sandstorm","sandstorms",4,"Topic 4",0.00256052141527002,310
"send","send","send",4,"Topic 4",0.00256052141527002,311
"handful","hand","handful",4,"Topic 4",0.00256052141527002,312
"regions","region","regions",4,"Topic 4",0.00256052141527002,313
"union","union","union",4,"Topic 4",0.00256052141527002,314
"signed","sign","signed",4,"Topic 4",0.00256052141527002,315
"nation","nation","nation",4,"Topic 4",0.00256052141527002,316
"revising","revis","revising",4,"Topic 4",0.00256052141527002,317
"standards","standard","standards",4,"Topic 4",0.00256052141527002,318
"activity","activ","activity",4,"Topic 4",0.00256052141527002,319
"essentially","essenti","essentially",4,"Topic 4",0.00256052141527002,320
"mexico","mexico","Mexico",4,"Topic 4",0.00256052141527002,321
"programs","program","programs",4,"Topic 4",0.00256052141527002,322
"designed","design","designed",4,"Topic 4",0.00256052141527002,323
"launched","launch","launched",4,"Topic 4",0.00256052141527002,324
"southern","southern","southern",4,"Topic 4",0.00256052141527002,325
"traveled","travel","traveled",4,"Topic 4",0.00256052141527002,326
"eventually","eventu","eventually",4,"Topic 4",0.00256052141527002,327
"idaho","idaho","Idaho",4,"Topic 4",0.00256052141527002,328
"decades","decad","decades",4,"Topic 4",0.00256052141527002,329
"areascalled","areascal","areas called",4,"Topic 4",0.00256052141527002,330
"passed","pass","passed",4,"Topic 4",0.00256052141527002,331
"gases","gase","gases",4,"Topic 4",0.00256052141527002,332
"incident","incid","incident",4,"Topic 4",0.00256052141527002,333
"settled","settl","settled",4,"Topic 4",0.00256052141527002,334
"audio","audio","audio",4,"Topic 4",0.00256052141527002,335
"photos","photo","photos",4,"Topic 4",0.00256052141527002,336
"beneath","beneath","beneath",4,"Topic 4",0.00256052141527002,337
"contact","contact","contact",4,"Topic 4",0.00256052141527002,338
"downloadable","download","downloadable",4,"Topic 4",0.00256052141527002,339
"visiting","visit","visiting",4,"Topic 4",0.00256052141527002,340
"","","",NA,"",NA,NA
"pollutants","pollut","pollutants",5,"Topic 5",0.033753709198813,1
"pollutants","pollut","pollutants",5,"Topic 5",0.033753709198813,2
"effects","effect","effects",5,"Topic 5",0.033753709198813,3
"effects","effect","effects",5,"Topic 5",0.033753709198813,4
"effects","effect","effects",5,"Topic 5",0.033753709198813,5
"effects","effect","effects",5,"Topic 5",0.033753709198813,6
"effects","effect","effects",5,"Topic 5",0.033753709198813,7
"effects","effect","effects",5,"Topic 5",0.033753709198813,8
"effects","effect","effects",5,"Topic 5",0.033753709198813,9
"effects","effect","effects",5,"Topic 5",0.033753709198813,10
"pollutants","pollut","pollutants",5,"Topic 5",0.033753709198813,11
"pollutants","pollut","pollutants",5,"Topic 5",0.033753709198813,12
"pollutants","pollut","pollutants",5,"Topic 5",0.033753709198813,13
"effects","effect","effects",5,"Topic 5",0.033753709198813,14
"effects","effect","effects",5,"Topic 5",0.033753709198813,15
"pollutants","pollut","pollutants",5,"Topic 5",0.033753709198813,16
"pollutants","pollut","pollutants",5,"Topic 5",0.033753709198813,17
"effects","effect","effects",5,"Topic 5",0.033753709198813,18
"pollutants","pollut","pollutants",5,"Topic 5",0.033753709198813,19
"pollutants","pollut","pollutants",5,"Topic 5",0.033753709198813,20
"exposure","exposur","exposure",5,"Topic 5",0.0263353115727003,21
"exposure","exposur","exposure",5,"Topic 5",0.0263353115727003,22
"exposure","exposur","exposure",5,"Topic 5",0.0263353115727003,23
"exposure","exposur","exposure",5,"Topic 5",0.0263353115727003,24
"exposure","exposur","exposure",5,"Topic 5",0.0263353115727003,25
"exposure","exposur","exposure",5,"Topic 5",0.0263353115727003,26
"exposure","exposur","exposure",5,"Topic 5",0.0263353115727003,27
"buildings","build","buildings",5,"Topic 5",0.0226261127596439,28
"buildings","build","buildings",5,"Topic 5",0.0226261127596439,29
"people","peopl","people",5,"Topic 5",0.0226261127596439,30
"human","human","human",5,"Topic 5",0.0226261127596439,31
"people","peopl","people",5,"Topic 5",0.0226261127596439,32
"human","human","human",5,"Topic 5",0.0226261127596439,33
"buildings","build","buildings",5,"Topic 5",0.0226261127596439,34
"buildings","build","buildings",5,"Topic 5",0.0226261127596439,35
"human","human","human",5,"Topic 5",0.0226261127596439,36
"people","peopl","people",5,"Topic 5",0.0226261127596439,37
"people","peopl","people",5,"Topic 5",0.0226261127596439,38
"people","peopl","people",5,"Topic 5",0.0226261127596439,39
"people","peopl","people",5,"Topic 5",0.0226261127596439,40
"people","peopl","people",5,"Topic 5",0.0226261127596439,41
"human","human","human",5,"Topic 5",0.0226261127596439,42
"people","peopl","people",5,"Topic 5",0.0226261127596439,43
"people","peopl","people",5,"Topic 5",0.0226261127596439,44
"buildings","build","buildings",5,"Topic 5",0.0226261127596439,45
"buildings","build","buildings",5,"Topic 5",0.0226261127596439,46
"human","human","human",5,"Topic 5",0.0226261127596439,47
"human","human","human",5,"Topic 5",0.0226261127596439,48
"people","peopl","people",5,"Topic 5",0.0226261127596439,49
"people","peopl","people",5,"Topic 5",0.0226261127596439,50
"people","peopl","people",5,"Topic 5",0.0226261127596439,51
"people","peopl","people",5,"Topic 5",0.0226261127596439,52
"vehicles","vehicl","vehicles",5,"Topic 5",0.0189169139465875,53
"vehicles","vehicl","vehicles",5,"Topic 5",0.0189169139465875,54
"vehicles","vehicl","vehicles",5,"Topic 5",0.0189169139465875,55
"vehicles","vehicl","vehicles",5,"Topic 5",0.0189169139465875,56
"vehicles","vehicl","vehicles",5,"Topic 5",0.0189169139465875,57
"natural","natur","natural",5,"Topic 5",0.0152077151335312,58
"gas","gas","gas",5,"Topic 5",0.0152077151335312,59
"natural","natur","natural",5,"Topic 5",0.0152077151335312,60
"gas","gas","gas",5,"Topic 5",0.0152077151335312,61
"gas","gas","gas",5,"Topic 5",0.0152077151335312,62
"natural","natur","natural",5,"Topic 5",0.0152077151335312,63
"natural","natur","natural",5,"Topic 5",0.0152077151335312,64
"gas","gas","gas",5,"Topic 5",0.0152077151335312,65
"gas","gas","gas",5,"Topic 5",0.0152077151335312,66
"page","page","page",5,"Topic 5",0.0152077151335312,67
"page","page","page",5,"Topic 5",0.0152077151335312,68
"page","page","page",5,"Topic 5",0.0152077151335312,69
"page","page","page",5,"Topic 5",0.0152077151335312,70
"homes","home","homes",5,"Topic 5",0.0114985163204748,71
"called","call","called",5,"Topic 5",0.0114985163204748,72
"called","call","called",5,"Topic 5",0.0114985163204748,73
"called","call","called",5,"Topic 5",0.0114985163204748,74
"homes","home","homes",5,"Topic 5",0.0114985163204748,75
"homes","home","homes",5,"Topic 5",0.0114985163204748,76
"homes","home","homes",5,"Topic 5",0.0114985163204748,77
"homes","home","homes",5,"Topic 5",0.0114985163204748,78
"eu","eu","EU",5,"Topic 5",0.0114985163204748,79
"eu","eu","EU",5,"Topic 5",0.0114985163204748,80
"called","call","called",5,"Topic 5",0.0114985163204748,81
"eu","eu","EU",5,"Topic 5",0.0114985163204748,82
"fast","fast","fast",5,"Topic 5",0.0114985163204748,83
"fast","fast","fast",5,"Topic 5",0.0114985163204748,84
"fast","fast","fast",5,"Topic 5",0.0114985163204748,85
"worse","wors","worse",5,"Topic 5",0.0077893175074184,86
"developed","develop","developed",5,"Topic 5",0.0077893175074184,87
"india","india","India",5,"Topic 5",0.0077893175074184,88
"developed","develop","developed",5,"Topic 5",0.0077893175074184,89
"exposed","expos","exposed",5,"Topic 5",0.0077893175074184,90
"heart","heart","heart",5,"Topic 5",0.0077893175074184,91
"worldwide","worldwid","worldwide",5,"Topic 5",0.0077893175074184,92
"heart","heart","heart",5,"Topic 5",0.0077893175074184,93
"worse","wors","worse",5,"Topic 5",0.0077893175074184,94
"crops","crop","crops",5,"Topic 5",0.0077893175074184,95
"crops","crop","crops",5,"Topic 5",0.0077893175074184,96
"activities","activ","activities",5,"Topic 5",0.0077893175074184,97
"earths","earth","earths",5,"Topic 5",0.0077893175074184,98
"activities","activ","activities",5,"Topic 5",0.0077893175074184,99
"earths","earth","earths",5,"Topic 5",0.0077893175074184,100
"emission","emiss","emission",5,"Topic 5",0.0077893175074184,101
"emission","emiss","emission",5,"Topic 5",0.0077893175074184,102
"cfcs","cfcs","cf cs",5,"Topic 5",0.0077893175074184,103
"cfcs","cfcs","cf cs",5,"Topic 5",0.0077893175074184,104
"worse","wors","worse",5,"Topic 5",0.0077893175074184,105
"worldwide","worldwid","worldwide",5,"Topic 5",0.0077893175074184,106
"india","india","India",5,"Topic 5",0.0077893175074184,107
"worldwide","worldwid","worldwide",5,"Topic 5",0.0077893175074184,108
"organization","organ","organization",5,"Topic 5",0.0077893175074184,109
"exposed","expos","exposed",5,"Topic 5",0.0077893175074184,110
"india","india","India",5,"Topic 5",0.0077893175074184,111
"service","servic","service",5,"Topic 5",0.0077893175074184,112
"service","servic","service",5,"Topic 5",0.0077893175074184,113
"organization","organ","organization",5,"Topic 5",0.0077893175074184,114
"ecology","ecolog","ecology",5,"Topic 5",0.00408011869436202,115
"forms","form","forms",5,"Topic 5",0.00408011869436202,116
"solid","solid","solid",5,"Topic 5",0.00408011869436202,117
"liquid","liquid","liquid",5,"Topic 5",0.00408011869436202,118
"oil","oil","oil",5,"Topic 5",0.00408011869436202,119
"europe","europ","Europe",5,"Topic 5",0.00408011869436202,120
"entered","enter","entered",5,"Topic 5",0.00408011869436202,121
"tall","tall","tall",5,"Topic 5",0.00408011869436202,122
"cleaner","cleaner","cleaner",5,"Topic 5",0.00408011869436202,123
"italy","itali","Italy",5,"Topic 5",0.00408011869436202,124
"poland","poland","Poland",5,"Topic 5",0.00408011869436202,125
"country","countri","country",5,"Topic 5",0.00408011869436202,126
"indoors","indoor","indoors",5,"Topic 5",0.00408011869436202,127
"gasa","gasa","saga",5,"Topic 5",0.00408011869436202,128
"insulation","insul","insulation",5,"Topic 5",0.00408011869436202,129
"addition","addit","addition",5,"Topic 5",0.00408011869436202,130
"colony","coloni","colony",5,"Topic 5",0.00408011869436202,131
"exist","exist","exist",5,"Topic 5",0.00408011869436202,132
"walls","wall","walls",5,"Topic 5",0.00408011869436202,133
"smokebreathing","smokebreath","smoke breathing",5,"Topic 5",0.00408011869436202,134
"kerosene","kerosen","kerosene",5,"Topic 5",0.00408011869436202,135
"expensive","expens","expensive",5,"Topic 5",0.00408011869436202,136
"range","rang","range",5,"Topic 5",0.00408011869436202,137
"temporary","temporari","temporary",5,"Topic 5",0.00408011869436202,138
"irritation","irrit","irritation",5,"Topic 5",0.00408011869436202,139
"skin","skin","skin",5,"Topic 5",0.00408011869436202,140
"headaches","headach","headaches",5,"Topic 5",0.00408011869436202,141
"smells","smell","smells",5,"Topic 5",0.00408011869436202,142
"sewer","sewer","sewer",5,"Topic 5",0.00408011869436202,143
"birth","birth","birth",5,"Topic 5",0.00408011869436202,144
"million","million","million",5,"Topic 5",0.00408011869436202,145
"immune","immun","immune",5,"Topic 5",0.00408011869436202,146
"conditions","condit","conditions",5,"Topic 5",0.00408011869436202,147
"kinds","kind","kinds",5,"Topic 5",0.00408011869436202,148
"mixture","mixtur","mixture",5,"Topic 5",0.00408011869436202,149
"solid","solid","solid",5,"Topic 5",0.00408011869436202,150
"liquid","liquid","liquid",5,"Topic 5",0.00408011869436202,151
"carries","carri","carries",5,"Topic 5",0.00408011869436202,152
"ranges","rang","ranges",5,"Topic 5",0.00408011869436202,153
"prolonged","prolong","prolonged",5,"Topic 5",0.00408011869436202,154
"oxygen","oxygen","oxygen",5,"Topic 5",0.00408011869436202,155
"falls","fall","falls",5,"Topic 5",0.00408011869436202,156
"composition","composit","composition",5,"Topic 5",0.00408011869436202,157
"dna","dna","DNA",5,"Topic 5",0.00408011869436202,158
"visibility","visibl","visibility",5,"Topic 5",0.00408011869436202,159
"haze","haze","haze",5,"Topic 5",0.00408011869436202,160
"visible","visibl","visible",5,"Topic 5",0.00408011869436202,161
"shapes","shape","shapes",5,"Topic 5",0.00408011869436202,162
"due","due","due",5,"Topic 5",0.00408011869436202,163
"stays","stay","stays",5,"Topic 5",0.00408011869436202,164
"releasing","releas","releasing",5,"Topic 5",0.00408011869436202,165
"rely","reli","rely",5,"Topic 5",0.00408011869436202,166
"consumption","consumpt","consumption",5,"Topic 5",0.00408011869436202,167
"generation","generat","generation",5,"Topic 5",0.00408011869436202,168
"hydrofluorocarbons","hydrofluorocarbon","hydro fluorocarbons",5,"Topic 5",0.00408011869436202,169
"industry","industri","industry",5,"Topic 5",0.00408011869436202,170
"deplete","deplet","deplete",5,"Topic 5",0.00408011869436202,171
"bringing","bring","bringing",5,"Topic 5",0.00408011869436202,172
"hazardous","hazard","hazardous",5,"Topic 5",0.00408011869436202,173
"desertification","desertif","desertification",5,"Topic 5",0.00408011869436202,174
"hot","hot","hot",5,"Topic 5",0.00408011869436202,175
"deserts","desert","deserts",5,"Topic 5",0.00408011869436202,176
"regulation","regul","regulation",5,"Topic 5",0.00408011869436202,177
"steps","step","steps",5,"Topic 5",0.00408011869436202,178
"limiting","limit","limiting",5,"Topic 5",0.00408011869436202,179
"adopting","adopt","adopting",5,"Topic 5",0.00408011869436202,180
"issued","issu","issued",5,"Topic 5",0.00408011869436202,181
"safely","safe","safely",5,"Topic 5",0.00408011869436202,182
"method","method","method",5,"Topic 5",0.00408011869436202,183
"exceed","exceed","exceed",5,"Topic 5",0.00408011869436202,184
"pollute","pollut","pollute",5,"Topic 5",0.00408011869436202,185
"remaining","remain","remaining",5,"Topic 5",0.00408011869436202,186
"based","base","based",5,"Topic 5",0.00408011869436202,187
"system","system","system",5,"Topic 5",0.00408011869436202,188
"market","market","market",5,"Topic 5",0.00408011869436202,189
"trading","trade","trading",5,"Topic 5",0.00408011869436202,190
"steps","step","steps",5,"Topic 5",0.00408011869436202,191
"traveling","travel","traveling",5,"Topic 5",0.00408011869436202,192
"couple","coupl","couple",5,"Topic 5",0.00408011869436202,193
"wind","wind","wind",5,"Topic 5",0.00408011869436202,194
"hundreds","hundr","hundreds",5,"Topic 5",0.00408011869436202,195
"arizona","arizona","Arizona",5,"Topic 5",0.00408011869436202,196
"compensation","compens","compensation",5,"Topic 5",0.00408011869436202,197
"gasesthere","gasesther","gases there",5,"Topic 5",0.00408011869436202,198
"day","day","day",5,"Topic 5",0.00408011869436202,199
"sickened","sicken","sickened",5,"Topic 5",0.00408011869436202,200
"front","front","front",5,"Topic 5",0.00408011869436202,201
"videos","video","videos",5,"Topic 5",0.00408011869436202,202
"november","novemb","November",5,"Topic 5",0.00408011869436202,203
"information","inform","information",5,"Topic 5",0.00408011869436202,204
"read","read","read",5,"Topic 5",0.00408011869436202,205
"questions","question","questions",5,"Topic 5",0.00408011869436202,206
"cite","cite","cite",5,"Topic 5",0.00408011869436202,207
"date","date","date",5,"Topic 5",0.00408011869436202,208
"accessed","access","accessed",5,"Topic 5",0.00408011869436202,209
"reserved","reserv","reserved",5,"Topic 5",0.00408011869436202,210
"","","",NA,"",NA,NA
